Date	Bitcoin or Blockchain Conference	Location
October 23, 2017	Trading the Future: Investing in Cryptocurrencies and ICOs	London, UK
October 24, 2017	IoT Security Summit	New York, NY
October 24, 2017	Blockchain 360: Scaling Blockchain for IoT Across Industry & Enterprise	New York, NY
October 25, 2017	World Blockchain Summit	Dubai, UAE
October 26, 2017	CoinAgenda Global: Bitcoin & Digital Currency Investors Conference	Las Vegas, NV
October 27, 2017	Ethereal SF	San Francisco, CA
October 27, 2017	BlockBali	Bali, Indonesia
October 28, 2017	BitBrighton	Brighton, UK
October 29, 2017	Texas Bitcoin Conference	Austin, Texas
October 31, 2017	d10e Exploring the Future of FinTech, ICOs, Blockchain, Sharing Economy, Future of Work & Disruptive Culture	Gibraltar
October 31, 2017	Crypto Affiliate Conference	Prague, CZ
October 31, 2017	Marketforce's 3rd annual The Blockchain Summit	London, UK
October 31, 2017	Decentralized Insurance Developer Conference	Cancun, Mexico
October 31-November 1, 2017	Blockchain Economic Forum 2017	New York, NY
November 1, 2017	#FS17: Rethinking Financial Services	San Francisco, CA
November 4, 2017	Ethereum DevCon 3	Cancun, Mexico
November 3, 2017	Decentralized 2017	Limassol, Cyprus
November 5, 2017	Scaling Bitcoin	Stanford, CA
November 7, 2017	"Fintech World" Workshop Series Pros and Cons of "Blockchain ICO's"	Washington, DC
November 9, 2017	Web Summit 2017	Lisbon, Portugal
November 7, 2017	Blockchain for Social Good - Philadelphia	Philadelphia, PA
November 9, 2017	Developer Week	Austin, Texas
November 9, 2017	Blockchain for Business and IT Leaders	Boston, MA
November 9, 2017	Milwaukee Blockchain Conference	Milwaukee, WI
November 10, 2017	2017 Asia Digital Asset & Blockchain Congress	Shenzen, China
November 10, 2017	Latin American Blockchain Forum	Los Cabos, Mexico
November 11, 2017	Blockchain & Cryptocurrency Conference in Tokyo	Tokyo, Japan
November 14, 2017	d10e Exploring the Future of FinTech, ICOs, Blockchain, Sharing Economy, Future of Work & Disruptive Culture	Davos, Switzerland
November 13, 2017	Blockspot Conference 2017	Libson, Portugal
November 14, 2017	Blockchain for Wall Street	New York, NY
November 14, 2017	Digital Commodities Summit	London, UK
November 15, 2017	Innovationsforum Blockchain Kongress	Hamburg, Germany
November 15, 2017	Finance Magnates London Summit 2017	Billingsgate, London
November 15, 2017	Blockchains, Smart Contracts and the Law	Toronto, Canada
November 16, 2017	Blockchain WithTheBest	Online Webinar
November 16, 2017	Blockchain & Bitcoin Conference Moscow	Moscow, Russia
November 16, 2017	Blockchain in Healthcare	Boston, MA
November 16, 2017	Fintech Summit	Bratislava, Slovakia
November 19, 2017	BitBrum	Birmingham City, UK
November 22, 2017	Fintech World Forum 2017	London, UK
November 22, 2017	Blockchain Summit-Crypto Valley	Zug, Switzerland
November 24, 2017	FinTech Digital Congress	Warsaw, Poland
November 25, 2017	Blockchain Summit Kyiv	Kyiv, Ukraine
November 28, 2017	Blockchain Summit	London, UK
November 28, 2017	Consensus: Invest	New York, NY
November 29, 2017	ICO Event Amsterdam	Amsterdam, Netherlands
November 30, 2017	BlockShow Asia 2017	Singapore
November 30, 2017	Blockchain Expo: North America	Santa Clara, CA
November 30, 2017	Tearsheet Hot Topic: Mobile Payments	New York, NY
December 1, 2017	Free State Blockchain Digital Assets Conference	Portsmouth, NH
December 2, 2017	Cryptocurrency World Expo	Warsaw, Poland
December 5, 2017	Marketplace Lending & Alternative Financing Summit	Dana Point, CA
December 5, 2017	Moontec 2017	Tallinn, Estonia
December 5, 2017	Latin American Bitcoin & Blockchain Conference	Bogota, Columbia
December 7, 2017	Blockchain & Bitcoin Conference Malta	Malta
December 7, 2017	Consumer Internet of Things Seminar	New York, NY
December 7, 2017	BConference: Lets Blockchain This World Together	Abu Dhabi, UAE
December 12, 2017	Blockchain & Bitcoin Conference Ljubljana	Ljubljana, Slovenia
December 13, 2017	CryptoBlockCon 2017	Las Vegas, NV
December 17, 2017	Global Blockchain Conference	New Delhi, India
January 7, 2018	Peer Summit	Powder Mountain, UT
December 12, 2017	d10e Exploring the Future of FinTech, ICOs, Blockchain, Sharing Economy, Future of Work & Disruptive Culture	Ljublijana, Slovenia
January 19, 2018	Blockchain Cruise Asia	Singapore
January 19, 2018	The Crypto Finance Conference	St. Moritz, Switzerland
January 19, 2018	The North American Bitcoin Conference	Miami, FL
January 26, 2018	Blockchain Protocol Analysis and Security Engineering 2018	Stanford, CA
January 30, 2018	d10e Exploring the Future of FinTech, ICOs, Blockchain, Sharing Economy, Future of Work & Disruptive Culture	Cayman Islands
January 30, 2018	Blockchain for SCF Masterclass	Frankfurt, Germany
February 6, 2018	Blockchain in Energy Conference	Amsterdam
February 14, 2018	Blockchain, IoT & Machine Learning in Oil & Gas Canada	Calgary, Alberta
February 16, 2018	Finovate Europe 2018	London, UK
February 18, 2018	d10e Exploring the Future of FinTech, ICOs, Blockchain, Sharing Economy, Future of Work & Disruptive Culture	Silicon Valley
February 18, 2018	The Bitcoin,
Ethereum, & Blockchain SuperConference	Dallas, TX
February 24, 2018	Blockchain & Cryptocurrency Con 2018	Dallas, TX
March 1, 2018	World Blockchain Forum Dubai	Dubai, UAE
March 9, 2018	DC Blockchain Summit 2018	Washington, DC
March 9, 2018	Blockchain Africa Conference 2018	Johannesburg, South Africa
May 16, 2018	Consensus 2018	New York, NY
May 23, 2018	Blockchain, IoT & Machine Learning in Oil & Gas Europe	London, UK
